College,,Dept,Dept Abbrv,,Degree Program,,,Major Abbrv,,Opt.,,Degree,,Level,,CIP
AGLS,,College Interdisciplinary,CLAG,,AGRICULTURAL CHEMISTRY,,,AGCH,,,,MAGR,,3.0,,01000000
AGLS,,Agricultural Education,AGED,,AGRICULTURAL SCIENCE,,,AGSC,,,,BS,,2.0,,01000000
INTD,,University Interdisciplinary,INTD,,AGRIBUSINESS,,,AGBU,,,,MAB,,3.0,,01010100
AGLS,,Biological and Agri Engineering,BAEN,,AGRICULTURAL SYSTEMS MANAGEMENT,,,AGSM,,,,BS,,2.0,,01010100
AGLS,,Biological and Agri Engineering,BAEN,,AGRICULTURAL SYSTEMS MANAGEMENT,,,AGSM,,,,MAGR,,3.0,,01010100
INTD,,University Interdisciplinary,INTD,,AGRIBUSINESS,,,AGBU,,,,BS,,2.0,,01010200
AGLS,,College Interdisciplinary,CLAG,,AGRICULTURAL DEVELOPMENT,,,ADEV,,,,MAGR,,3.0,,01010200
AGLS,,Agricultural Education,AGED,,AGRICULTURAL DEVELOPMENT,,,ADEV,,,,BS,,2.0,,01010200
AGLS,,Agricultrual Economics,AGEC,,AGRICULTURAL ECONOMICS,,,AGEC,,,,[BS],,2.0,,01010300
AGLS,,Agricultrual Economics,AGEC,,AGRICULTURAL ECONOMICS,,,AGEC,,,,MAGR,,3.0,,01010300
AGLS,,Agricultrual Economics,AGEC,,AGRICULTURAL ECONOMICS,,,AGEC,,,,MS,,3.0,,01010300
AGLS,,Agricultrual Economics,AGEC,,AGRICULTURAL ECONOMICS,,,AGEC,,,,PHD,,4.0,,01010300
AGLS,,Agricultrual Economics,AGEC,,,AGRI ECON-FARM & RANCH MGMT,,AGEC,,FRM,,BS,,2.0,,01010400
AGLS,,Rangeland Ecology & Mgmt,RLEM,,,RGLN ECL & MGT-RANCH MANAGEMENT,,RLEM,,RMO,,BS,,2.0,,01010400
AGLS,,Soil & Crop Sciences,SCSC,,,AGRN-AGRO INDUSTRY,,AGRO,,AGI,,BS,,2.0,,01010500
AGLS,,Agricultural Education,AGED,,,AGRI SCI-PRODUCTION,,AGSC,,--,,BS,,2.0,,01030100
AGLS,,Animal Science,ANSC,,,ANM SCI-PRODUCTION,,ANSC,,PRO,,BS,,2.0,,01030200
AGLS,,Animal Science,ANSC,,,ANM SCI-ANIMAL INDUSTRY,,ANSC,,AIN,,BS,,2.0,,01030200
AGLS,,Poultry Science,POSC,,,PLTRY SCI-INDUSTRY,,POSC,,IND,,BS,,2.0,,01030200
AGLS,,Wildlife & Fisheries Sci,WFSC,,,WL & FS SCI-AQUACULTURE,,WFSC,,AQU,,BS,,2.0,,01030300
AGLS,,College Interdisciplinary,CLAG,,,FOOD SCI & TCHN-INDUSTRY,,FSTC,,INO,,BS,,2.0,,01040100
AGLS,,Agricultrual Economics,AGEC,,,AGRI ECON-FOOD & FIBER MKTG,,AGEC,,FFM,,BS,,2.0,,01040100
AGLS,,Agricultural Education,AGED,,,AGRI SCI-HORTICULTURE,,AGSC,,--,,BS,,2.0,,01060100
AGLS,,Horticultural Sciences,HRSC,,HORTICULTURE,,,HORT,,,,BS,,2.0,,01060100
AGLS,,Horticultural Sciences,HRSC,,HORTICULTURE,,,HORT,,,,MAGR,,3.0,,01060100
AGLS,,Horticultural Sciences,HRSC,,HORTICULTURE,,,HORT,,,,MS,,3.0,,01060100
AGLS,,Horticultural Sciences,HRSC,,HORTICULTURE (Also joint w/Kingsville),,,HORT,,,,PHD,,4.0,,01060100
AGLS,,Horticultural Sciences,HRSC,,FLORICULTURE,,,FLOR,,,,BS,,2.0,,01060300
AGLS,,Horticultural Sciences,HRSC,,FLORICULTURE,,,FLOR,,,,MAGR,,3.0,,01060300
AGLS,,Horticultural Sciences,HRSC,,FLORICULTURE,,,FLOR,,,,MS,,3.0,,01060300
AGLS,,Soil & Crop Sciences,SCSC,,,AGRN-TURFGRASS MANAGEMENT,,AGRO,,TMO,,BS,,2.0,,01060700
INTD,,University Interdisciplinary,INTD,,AGRICULTURAL JOURNALISM,,,AGJR,,,,BS,,2.0,,01080200
AGLS,,Animal Science,ANSC,,ANIMAL SCIENCE,,,ANSC,,,,[BS],,2.0,,01090100
AGLS,,Animal Science,ANSC,,,ANM SCI-SCIENCE,,ANSC,,ANS,,BS,,2.0,,01090100
AGLS,,Animal Science,ANSC,,ANIMAL SCIENCE,,,ANSC,,,,MAGR,,3.0,,01090100
AGLS,,Animal Science,ANSC,,ANIMAL SCIENCE,,,ANSC,,,,MS,,3.0,,01090100
AGLS,,Animal Science,ANSC,,ANIMAL SCIENCE,,,ANSC,,,,PHD,,4.0,,01090100
AGLS,,College Interdisciplinary,CLAG,,ANIMAL BREEDING,,,ANBR,,,,MS,,3.0,,01090200
AGLS,,College Interdisciplinary,CLAG,,ANIMAL BREEDING,,,ANBR,,,,PHD,,4.0,,01090200
AGLS,,Animal Science,ANSC,,PHYSIOLOGY OF REPRODUCTION,,,PREP,,,,MS,,3.0,,01090200
AGLS,,Animal Science,ANSC,,PHYSIOLOGY OF REPRODUCTION,,,PREP,,,,PHD,,4.0,,01090200
AGLS,,Animal Science,ANSC,,DAIRY SCIENCE,,,DASC,,,,[BS],,2.0,,01090500
AGLS,,Animal Science,ANSC,,,DAIRY SCI-DAIRY PRODUCTION,,DASC,,DPO,,BS,,2.0,,01090500
AGLS,,Animal Science,ANSC,,,DAIRY SCI-DAIRY MANUFACTURING,,DASC,,DMO,,BS,,2.0,,01090500
AGLS,,Animal Science,ANSC,,DAIRY SCIENCE,,,DASC,,,,MAGR,,3.0,,01090500
AGLS,,Animal Science,ANSC,,DAIRY SCIENCE,,,DASC,,,,MS,,3.0,,01090500
AGLS,,Poultry Science,POSC,,POULTRY SCIENCE,,,POSC,,,,BS,,2.0,,01090700
AGLS,,Poultry Science,POSC,,POULTRY SCIENCE,,,POSC,,,,MAGR,,3.0,,01090700
AGLS,,Poultry Science,POSC,,POULTRY SCIENCE,,,POSC,,,,MS,,3.0,,01090700
AGLS,,Poultry Science,POSC,,POULTRY SCIENCE,,,POSC,,,,PHD,,4.0,,01090700
INTD,,University Interdisciplinary,INTD,,FOOD SCIENCE & TECHNOLOGY,,,FSTC,,,,MS,,3.0,,01100100
INTD,,University Interdisciplinary,INTD,,FOOD SCIENCE & TECHNOLOGY,,,FSTC,,,,PHD,,4.0,,01100100
AGLS,,College Interdisciplinary,CLAG,,FOOD SCIENCE & TECHNOLOGY,,,FSTC,,,,[BS],,2.0,,01100100
AGLS,,College Interdisciplinary,CLAG,,FOOD SCIENCE & TECHNOLOGY,,,FSTC,,,,MAGR,,3.0,,01100100
AGLS,,College Interdisciplinary,CLAG,,PLANT SCIENCES,,,PLSC,,,,MAGR,,3.0,,01110100
AGLS,,Soil & Crop Sciences,SCSC,,AGRONOMY,,,AGRO,,,,[BS],,2.0,,01110200
AGLS,,Soil & Crop Sciences,SCSC,,,AGRN-SOIL & CROP MANAGEMENT,,AGRO,,SCM,,BS,,2.0,,01110200
AGLS,,Soil & Crop Sciences,SCSC,,PLANT & ENVRNMNTL SOIL SCIENCE,,,PSSC,,,,BS,,2.0,,01110200
AGLS,,Soil & Crop Sciences,SCSC,,AGRONOMY,,,AGRO,,,,MAGR,,3.0,,01110200
AGLS,,Soil & Crop Sciences,SCSC,,AGRONOMY,,,AGRO,,,,MS,,3.0,,01110200
AGLS,,Soil & Crop Sciences,SCSC,,AGRONOMY,,,AGRO,,,,PHD,,4.0,,01110200
AGLS,,Horticultural Sciences,HRSC,,,HORT-SCIENCE,,HORT,,SCI,,BS,,2.0,,01110300
AGLS,,College Interdisciplinary,CLAG,,PLANT BREEDING,,,PLBR,,,,MS,,3.0,,01110400
AGLS,,College Interdisciplinary,CLAG,,PLANT BREEDING,,,PLBR,,,,PHD,,4.0,,01110400
AGLS,,College Interdisciplinary,CLAG,,PLANT PROTECTION,,,PPRO,,,,MAGR,,3.0,,01110500
AGLS,,Entomology,ENTO,,,ENTO-PEST MANAGEMENT (end 2003),,ENTO,,PMO,,BS,,2.0,,01110500
AGLS,,Entomology,ENTO,,ECONOMIC ENTOMOLOGY,,,ECEN,,,,MAGR,,3.0,,01110500
AGLS,,Rangeland Ecology & Mgmt,RLEM,,RANGELAND ECOLOGY & MANAGEMENT,,,RLEM,,,,[BS],,2.0,,01110600
AGLS,,Rangeland Ecology & Mgmt,RLEM,,,RGLN ECL & MGT-RANGELAND RESOURCES,,RLEM,,RRO,,BS,,2.0,,01110600
AGLS,,Rangeland Ecology & Mgmt,RLEM,,RANGELAND ECOLOGY & MANAGEMENT,,,RLEM,,,,MAGR,,3.0,,01110600
AGLS,,Rangeland Ecology & Mgmt,RLEM,,RANGELAND ECOLOGY & MANAGEMENT,,,RLEM,,,,MS,,3.0,,01110600
AGLS,,Rangeland Ecology & Mgmt,RLEM,,RANGELAND ECOLOGY & MANAGEMENT,,,RLEM,,,,PHD,,4.0,,01110600
AGLS,,Soil & Crop Sciences,SCSC,,SOIL SCIENCE,,,SOSC,,,,MS,,3.0,,01120100
AGLS,,Soil & Crop Sciences,SCSC,,SOIL SCIENCE,,,SOSC,,,,PHD,,4.0,,01120100
AGLS,,College Interdisciplinary,CLAG,,RENEWABLE NATURAL RESOURCES,,,RENR,,,,BS,,2.0,,03010100
AGLS,,College Interdisciplinary,CLAG,,NATURAL RESOURCES DEVELOPMENT,,,NRDV,,,,MAGR,,3.0,,03010100
AGLS,,Agricultrual Economics,AGEC,,,AGRI ECON-RESOURCE ECONOMICS,,AGEC,,REO,,BS,,2.0,,03010100
AGLS,,Wildlife & Fisheries Sci,WFSC,,WILDLIFE & FISHERIES SCIENCES,,,WFSC,,,,[BS],,2.0,,03010100
AGLS,,Wildlife & Fisheries Sci,WFSC,,,WL & FS SCI-URBAN WILDLIFE & FISHERIES,,WFSC,,UWF,,BS,,2.0,,03010100
AGLS,,Wildlife & Fisheries Sci,WFSC,,,WL & FS SCI-WILDLIFE/FISHERIES MANAGEMENT,,WFSC,,WFM,,BS,,2.0,,03010100
AGLS,,Wildlife & Fisheries Sci,WFSC,,WILDLIFE & FISHERIES SCIENCES,,,WFSC,,,,MS,,3.0,,03010100
AGLS,,Wildlife & Fisheries Sci,WFSC,,WILDLIFE & FISHERIES SCIENCES,,,WFSC,,,,PHD,,4.0,,03010100
GEOS,,College Interdisciplinary,CLGE,,ENVIRONMENTAL STUDIES,,,ENST,,,,BS,,2.0,,03010300
GEOS,,Geography,GEOG,,,GEOG-ENVIRONMENTAL STUDIES (end 2007),,GEOG,,ENV,,BS,,2.0,,03010300
AGLS,,Plant Pathology & Micro,PLPM,,BIOENVIRONMENTAL SCIENCES,,,BESC,,,,BS,,2.0,,03010400
GEOS,,College Interdisciplinary,CLGE,,ENVIRONMENTAL GEOSCIENCE,,,ENGS,,,,BS,,2.0,,03010400
AGLS,,Wildlife & Fisheries Sci,WFSC,,,WL & FS SCI-FISHERIES ECOLOGY & MGMT,,WFSC,,FEM,,BS,,2.0,,03030100
AGLS,,Wildlife & Fisheries Sci,WFSC,,FISHERIES SCIENCE,,,FISC,,,,MAGR,,3.0,,03030100
AGLS,,Forest Science,FRSC,,FORESTRY,,,FORS,,,,[BS],,2.0,,03050100
AGLS,,Forest Science,FRSC,,FORESTRY,,,FORS,,,,MS,,3.0,,03050100
AGLS,,Forest Science,FRSC,,FORESTRY,,,FORS,,,,PHD,,4.0,,03050100
AGLS,,Forest Science,FRSC,,,FSTRY-FORESTRY RESOURCE MANAGEMENT,,FORS,,FMO,,BS,,2.0,,03050600
AGLS,,Forest Science,FRSC,,,FSTRY-URBAN FORESTRY,,FORS,,UFO,,BS,,2.0,,03050800
AGLS,,Wildlife & Fisheries Sci,WFSC,,,WL & FS SCI-WILDLIFE ECOLOGY  & MGMT,,WFSC,,WEM,,BS,,2.0,,03060100
AGLS,,Wildlife & Fisheries Sci,WFSC,,WILDLIFE SCIENCE,,,WISC,,,,MAGR,,3.0,,03060100
AGLS,,Wildlife & Fisheries Sci,WFSC,,WILDLIFE SCIENCE (Joint  w/ KINGSVILLE),,,WISC,,,,PHD,,4.0,,03060100
ARCH,,Architecture,ARCH,,,ARCHITECTURAL STUDIES,,ENDS,,AST,,BED,,2.0,,04020100
ARCH,,Architecture,ARCH,,ARCHITECTURE,,,ARCH,,,,MARCH,,3.0,,04020100
ARCH,,Architecture,ARCH,,ARCHITECTURE,,,ARCH,,,,MS,,3.0,,04020100
ARCH,,Architecture,ARCH,,ARCHITECTURE,,,ARCH,,,,PHD,,4.0,,04020100
ARCH,,Landscape Arch & Urban Pl,LAUP,,URBAN & REGIONAL PLANNING,,,URPL,,,,MUP,,3.0,,04030100
ARCH,,Landscape Arch & Urban Pl,LAUP,,URBAN & REGIONAL SCIENCE,,,URSC,,,,PHD,,4.0,,04030100
ARCH,,Architecture,ARCH,,ENVIRONMENTAL DESIGN,,,ENDS,,,,[BED],,2.0,,04040100
ARCH,,Architecture,ARCH,,,VISUAL STUDIES,,ENDS,,VST,,BED,,2.0,,04040100
ARCH,,Landscape Arch & Urban Pl,LAUP,,LANDSCAPE ARCHITECTURE,,,LAND,,,,BLA,,2.0,,04060100
ARCH,,Landscape Arch & Urban Pl,LAUP,,LANDSCAPE ARCHITECTURE,,,LAND,,,,MLA,,3.0,,04060100
L A,,College Interdisciplinary,CLLA,,AMERICAN STUDIES,,,AMST,,,,BA,,2.0,,05010200
L A,,Journalism,JOUR,,JOURNALISM,,,JOUR,,,,BA,,2.0,,09040100
L A,,Journalism,JOUR,,JOURNALISM,,,JOUR,,,,BS,,2.0,,09040100
L A,,Communication,COMM,,TELECOMMUNICATION  MEDIA STUDIES,,,TCMS,,,,BA,,2.0,,09070200
L A,,Communication,COMM,,TELECOMMUNICATION  MEDIA STUDIES,,,TCMS,,,,BS,,2.0,,09070200
L A,,Journalism,JOUR,,SCIENCE & TECHNOLOGY JOURNALISM,,,STJR,,,,MS,,3.0,,09099901
ENGR,,Computer Science,CPSC,,COMPUTER SCIENCE,,,CPSC,,,,BS,,2.0,,11070100
ENGR,,Computer Science,CPSC,,COMPUTER SCIENCE,,,CPSC,,,,MCS,,3.0,,11070100
ENGR,,Computer Science,CPSC,,COMPUTER SCIENCE,,,CPSC,,,,MS,,3.0,,11070100
ENGR,,Computer Science,CPSC,,COMPUTER SCIENCE,,,CPSC,,,,PHD,,4.0,,11070100
EDUC,,Teaching Learning & Culture,TLAC,,CURRICULUM & INSTRUCTION,,,EDCI,,,,MED,,3.0,,13030100
EDUC,,Teaching Learning & Culture,TLAC,,CURRICULUM & INSTRUCTION,,,EDCI,,,,MS,,3.0,,13030100
EDUC,,Teaching Learning & Culture,TLAC,,CURRICULUM & INSTRUCTION,,,EDCI,,,,PHD,,4.0,,13030100
EDUC,,Teaching Learning & Culture,TLAC,,CURRICULUM & INSTRUCTION,,,EDCI,,,,EDD,,4.0,,13030100
EDUC,,Ed Adm & Human Res Dev,EAHR,,EDUCATIONAL ADMINISTRATION,,,EDAD,,,,MED,,3.0,,13040100
EDUC,,Ed Adm & Human Res Dev,EAHR,,EDUCATIONAL ADMINISTRATION,,,EDAD,,,,MS,,3.0,,13040100
EDUC,,Ed Adm & Human Res Dev,EAHR,,EDUCATIONAL ADMINISTRATION,,,EDAD,,,,PHD,,4.0,,13040100
EDUC,,Ed Adm & Human Res Dev,EAHR,,EDUCATIONAL ADMINISTRATION,,,EDAD,,,,EDD,,4.0,,13040100
EDUC,,Educational Psychology,EPSY,,EDUCATIONAL TECHNOLOGY,,,EDTC,,,,MED,,3.0,,13050100
EDUC,,Ed Adm & Human Res Dev,EAHR,,EDUC HUMAN RESOURCE DEVELOPMENT,,,EHRD,,,,MS,,3.0,,13120100
EDUC,,Ed Adm & Human Res Dev,EAHR,,EDUC HUMAN RESOURCE DEVELOPMENT,,,EHRD,,,,PHD,,4.0,,13120100
AGLS,,Agricultural Education,AGED,,AGRICULTURAL EDUCATION,,,AGED,,,,MED,,3.0,,13130100
AGLS,,Agricultural Education,AGED,,AGRICULTURAL EDUCATION,,,AGED,,,,MS,,3.0,,13130100
AGLS,,Agricultural Education,AGED,,AGRICULTURAL EDUCATION,,,AGED,,,,PHD,,4.0,,13130100
AGLS,,Agricultural Education,AGED,,AGRICULTURAL EDUCATION (Joint DE w/Texas Tech),,,AGED,,,,EDD,,4.0,,13130100
EDUC,,Health & Kinesiology,HLKN,,HEALTH EDUCATION,,,HEED,,,,MED,,3.0,,13130700
EDUC,,Health & Kinesiology,HLKN,,HEALTH EDUCATION,,,HEED,,,,MS,,3.0,,13130700
EDUC,,Health & Kinesiology,HLKN,,HEALTH EDUCATION,,,HEED,,,,PHD,,4.0,,13130700
EDUC,,Health & Kinesiology,HLKN,,HEALTH EDUCATION,,,HEED,,,,EDD,,4.0,,13130700
EDUC,,Health & Kinesiology,HLKN,,PHYSICAL EDUCATION,,,PHED,,,,MED,,3.0,,13131400
EDUC,,Health & Kinesiology,HLKN,,PHYSICAL EDUCATION,,,PHED,,,,EDD,,4.0,,13131400
EDUC,,Educational Psychology,EPSY,,,CAREER DEVELOPMENT EDUCATION,,EPSY,,CED,,MED,,3.0,,13132000
EDUC,,Educational Psychology,EPSY,,,CAREER DEVELOPMENT EDUCATION,,EPSY,,CED,,MS,,3.0,,13132000
EDUC,,Educational Psychology,EPSY,,,CAREER DEVELOPMENT EDUCATION,,EPSY,,CED,,PHD,,4.0,,13132000
ENGR,,College Interdisciplinary,CLEN,,ENGINEERING,,,ENGR,,,,MENGR,,3.0,,14010100
ENGR,,College Interdisciplinary,CLEN,,INTERDISCIPLINARY ENGINEERING,,,ITDE,,,,MS,,3.0,,14010100
ENGR,,College Interdisciplinary,CLEN,,ENGINEERING,,,ENGR,,,,DENGR,,4.0,,14010100
ENGR,,College Interdisciplinary,CLEN,,INTERDISCIPLINARY ENGINEERING,,,ITDE,,,,PHD,,4.0,,14010100
ENGR,,Aerospace Engineering,AERO,,AEROSPACE ENGINEERING,,,AERO,,,,BS,,2.0,,14020100
ENGR,,Aerospace Engineering,AERO,,AEROSPACE ENGINEERING,,,AERO,,,,MENGR,,3.0,,14020100
ENGR,,Aerospace Engineering,AERO,,AEROSPACE ENGINEERING,,,AERO,,,,MS,,3.0,,14020100
ENGR,,Aerospace Engineering,AERO,,AEROSPACE ENGINEERING,,,AERO,,,,PHD,,4.0,,14020100
AGLS,,Biological and Agri Engineering,BAEN,,AGRICULTURAL ENGINEERING,,,AGEN,,,,BS,,2.0,,14030100
AGLS,,Biological and Agri Engineering,BAEN,,BIOLOGICAL SYSTEMS ENGINEERING,,,BSEN,,,,BS,,2.0,,14030100
AGLS,,Biological and Agri Engineering,BAEN,,BIOLOGICAL and AGRICULTURAL ENGINEERING,,,BAEN,,,,MENGR,,3.0,,14030100
AGLS,,Biological and Agri Engineering,BAEN,,BIOLOGICAL and AGRICULTURAL ENGINEERING,,,BAEN,,,,MS,,3.0,,14030100
AGLS,,Biological and Agri Engineering,BAEN,,BIOLOGICAL and AGRICULTURAL ENGINEERING,,,BAEN,,,,PHD,,4.0,,14030100
ENGR,,Biomedical Engineering,BMEN,,BIOMEDICAL ENGINEERING,,,BMEN,,,,BS,,2.0,,14050100
ENGR,,Biomedical Engineering,BMEN,,BIOMEDICAL ENGINEERING,,,BMEN,,,,MENGR,,3.0,,14050100
ENGR,,Biomedical Engineering,BMEN,,BIOMEDICAL ENGINEERING,,,BMEN,,,,MS,,3.0,,14050100
ENGR,,Biomedical Engineering,BMEN,,BIOMEDICAL ENGINEERING,,,BMEN,,,,PHD,,4.0,,14050100
ENGR,,Chemical Engineering,CHEN,,CHEMICAL ENGINEERING,,,CHEN,,,,BS,,2.0,,14070100
ENGR,,Chemical Engineering,CHEN,,CHEMICAL ENGINEERING,,,CHEN,,,,MENGR,,3.0,,14070100
ENGR,,Chemical Engineering,CHEN,,CHEMICAL ENGINEERING,,,CHEN,,,,MS,,3.0,,14070100
ENGR,,Chemical Engineering,CHEN,,CHEMICAL ENGINEERING,,,CHEN,,,,PHD,,4.0,,14070100
ENGR,,Civil Engineering,CVEN,,CIVIL ENGINEERING,,,CVEN,,,,BS,,2.0,,14080100
ENGR,,Civil Engineering,CVEN,,CIVIL ENGINEERING,,,CVEN,,,,MENGR,,3.0,,14080100
ENGR,,Civil Engineering,CVEN,,CIVIL ENGINEERING,,,CVEN,,,,MS,,3.0,,14080100
ENGR,,Civil Engineering,CVEN,,CIVIL ENGINEERING,,,CVEN,,,,PHD,,4.0,,14080100
ENGR,,College Interdisciplinary,CLEN,,COMPUTER ENGINEERING- Interdisciplinary CLEN see below,,,CPEN,,,,BS,,2.0,,14090100
ENGR,,College Interdisciplinary,CPSC,,COMPUTER ENGINEERING- in the CPSC department,,,CECN,,,,BS,,2.0,,14090100
ENGR,,College Interdisciplinary,ELEN,,COMPUTER ENGINEERING- in the ELEN department,,,CEEN,,,,BS,,2.0,,14090100
ENGR,,College Interdisciplinary,CLEN,,COMPUTER ENGINEERING,,,CPEN,,,,MENGR,,3.0,,14090100
ENGR,,College Interdisciplinary,CLEN,,COMPUTER ENGINEERING,,,CPEN,,,,MS,,3.0,,14090100
ENGR,,College Interdisciplinary,CLEN,,COMPUTER ENGINEERING,,,CPEN,,,,PHD,,4.0,,14090100
ENGR,,Electrical Engineering,ELEN,,ELECTRICAL ENGINEERING,,,ELEN,,,,BS,,2.0,,14100100
ENGR,,Electrical Engineering,ELEN,,ELECTRICAL ENGINEERING,,,ELEN,,,,MENGR,,3.0,,14100100
ENGR,,Electrical Engineering,ELEN,,ELECTRICAL ENGINEERING,,,ELEN,,,,MS,,3.0,,14100100
ENGR,,Electrical Engineering,ELEN,,ELECTRICAL ENGINEERING,,,ELEN,,,,PHD,,4.0,,14100100
ENGR,,College Interdisciplinary,COFD #1,,MATERIALS SCIENCE & ENGINEERING,,,MSEN,,,,MENGR,,3.0,,14180100
ENGR,,College Interdisciplinary,COFD #1,,MATERIALS SCIENCE & ENGINEERING,,,MSEN,,,,MS,,3.0,,14180100
ENGR,,College Interdisciplinary,COFD #1,,MATERIALS SCIENCE & ENGINEERING,,,MSEN,,,,PHD,,4.0,,14180100
ENGR,,Mechanical Engineering,MEEN,,MECHANICAL ENGINEERING,,,MEEN,,,,BS,,2.0,,14190100
ENGR,,Mechanical Engineering,MEEN,,MECHANICAL ENGINEERING,,,MEEN,,,,MENGR,,3.0,,14190100
ENGR,,Mechanical Engineering,MEEN,,MECHANICAL ENGINEERING,,,MEEN,,,,MS,,3.0,,14190100
ENGR,,Mechanical Engineering,MEEN,,MECHANICAL ENGINEERING,,,MEEN,,,,PHD,,4.0,,14190100
ENGR,,Nuclear Engineering,NUEN,,NUCLEAR ENGINEERING,,,NUEN,,,,BS,,2.0,,14230100
ENGR,,Nuclear Engineering,NUEN,,NUCLEAR ENGINEERING,,,NUEN,,,,MENGR,,3.0,,14230100
ENGR,,Nuclear Engineering,NUEN,,NUCLEAR ENGINEERING,,,NUEN,,,,MS,,3.0,,14230100
ENGR,,Nuclear Engineering,NUEN,,NUCLEAR ENGINEERING,,,NUEN,,,,PHD,,4.0,,14230100
ENGR,,Civil Engineering,CVEN,,OCEAN ENGINEERING,,,OCEN,,,,BS,,2.0,,14240100
ENGR,,Civil Engineering,CVEN,,OCEAN ENGINEERING,,,OCEN,,,,MENGR,,3.0,,14240100
ENGR,,Civil Engineering,CVEN,,OCEAN ENGINEERING,,,OCEN,,,,MS,,3.0,,14240100
ENGR,,Civil Engineering,CVEN,,OCEAN ENGINEERING,,,OCEN,,,,PHD,,4.0,,14240100
ENGR,,Petroleum Engineering,PETE,,PETROLEUM ENGINEERING,,,PETE,,,,BS,,2.0,,14250100
ENGR,,Petroleum Engineering,PETE,,PETROLEUM ENGINEERING,,,PETE,,,,MENGR,,3.0,,14250100
ENGR,,Petroleum Engineering,PETE,,PETROLEUM ENGINEERING,,,PETE,,,,MS,,3.0,,14250100
ENGR,,Petroleum Engineering,PETE,,PETROLEUM ENGINEERING,,,PETE,,,,PHD,,4.0,,14250100
INTD,,University Interdisciplinary,INTD,,ENGINEERING SYSTEMS MANAGEMENT,,,ENSM,,,,MS,,3.0,,14350100
ENGR,,Industrial Engineering,INEN,,INDUSTRIAL ENGINEERING,,,INEN,,,,BS,,2.0,,14350100
ENGR,,Industrial Engineering,INEN,,INDUSTRIAL ENGINEERING,,,INEN,,,,MENGR,,3.0,,14350100
ENGR,,Industrial Engineering,INEN,,INDUSTRIAL ENGINEERING,,,INEN,,,,MS,,3.0,,14350100
ENGR,,Industrial Engineering,INEN,,INDUSTRIAL ENGINEERING,,,INEN,,,,PHD,,4.0,,14350100
ENGR,,Nuclear Engineering,NUEN,,RADIOLOGICAL HEALTH ENGINEERING,,,RHEN,,,,BS,,2.0,,14350101
ENGR,,Nuclear Engineering,NUEN,,SAFETY ENGINEERING,,,SENG,,,,MS,,3.0,,14350101
ENGR,,Nuclear Engineering,NUEN,,INDUSTRIAL HYGIENE,,,IHYG,,,,MS,,3.0,,14350101
EDUC,,Ed Adm & Human Res Dev,EAHR,,INTERDISCIPLINARY TECHNOLOGY,,,IDTC,,,,BS,,2.0,,15000000
ENGR,,Engr Tech & Industrial Distr,ETID,,ENGINEERING TECHNOLOGY,,,ENTC,,,,[BS],,2.0,,15000000
ENGR,,Engr Tech & Industrial Distr,ETID,,,ENGR TCHN-TLCOMMNCTNS ENGR TCHN,,ENTC,,TEL,,BS,,2.0,,15030300
ENGR,,Engr Tech & Industrial Distr,ETID,,,ENGR TCHN-ELECTRONICS ENGR TCHN,,ENTC,,ELE,,BS,,2.0,,15030300
ENGR,,Engr Tech & Industrial Distr,ETID,,,ENGR TCHN-MANUFACTURING & MCHNCL ENGR,,ENTC,,MME,,BS,,2.0,,15061300
ENGR,,Engr Tech & Industrial Distr,ETID,,,ENGR TCHN-MANUFACTURING ENGR TCHN (end 2006),,ENTC,,MFS,,BS,,2.0,,15061300
ENGR,,Engr Tech & Industrial Distr,ETID,,,ENGR TCHN-MECHANICAL ENGR TECH (end 2006),,ENTC,,MEC,,BS,,2.0,,15080500
ARCH,,Construction Science,COSC,,BUILDING CONSTRUCTION,,,COSC,,,,BS,,2.0,,15100100
L A,,Modern Languages,MODL,,MODERN LANGUAGES,,,MODL,,,,[MA],,3.0,,16010100
LA,,College Interdisciplinary,CLLA,,COMPARATIVE LITERATURE AND CULTURE,,,COML,,,,MA,,3.0,,16010400
L A,,Modern Languages,MODL,,RUSSIAN,,,RUSS,,,,BA,,2.0,,16040200
L A,,Modern Languages,MODL,,GERMAN,,,GERM,,,,BA,,2.0,,16050100
L A,,Modern Languages,MODL,,FRENCH,,,FREN,,,,BA,,2.0,,16090100
L A,,Modern Languages,MODL,,SPANISH,,,SPAN,,,,BA,,2.0,,16090500
L A,,Modern Languages,MODL,,,MDRN LNGS-SPANISH,,MODL,,SPA,,MA,,3.0,,16090500
AGLS,,College Interdisciplinary,CLAG,,,FOOD SCI & TCHN-FOOD SCI,,FSTC,,FSO,,BS,,2.0,,19050100
AGLS,,Animal Science,ANSC,,NUTRITIONAL SCIENCE,,,NUSC,,,,BS,,2.0,,19050100
L A,,English,ENGL,,ENGLISH,,,ENGL,,,,BA,,2.0,,23010100
L A,,English,ENGL,,ENGLISH,,,ENGL,,,,MA,,3.0,,23010100
L A,,English,ENGL,,ENGLISH,,,ENGL,,,,PHD,,4.0,,23010100
L A,,Communication,COMM,,SPEECH COMMUNICATION,,,SCOM,,,,BA,,2.0,,23100100
L A,,Communication,COMM,,SPEECH COMMUNICATION,,,SCOM,,,,MA,,3.0,,23100100
L A,,Communication,COMM,,SPEECH COMMUNICATION,,,SCOM,,,,PHD,,4.0,,23100100
SC,,Biology,BIOL,,BIOLOGY,,,BIOL,,,,BS,,2.0,,26010100
SC,,Biology,BIOL,,BIOLOGY,,,BIOL,,,,BA,,2.0,,26010100
SC,,Biology,BIOL,,BIOLOGY,,,BIOL,,,,MS,,3.0,,26010100
SC,,Biology,BIOL,,BIOLOGY,,,BIOL,,,,PHD,,4.0,,26010100
V M,,College Interdisciplinary,CLVM,,BIOMEDICAL SCIENCE,,,BIMS,,,,BS,,2.0,,26010200
V M,,College Interdisciplinary,CLVM,,,BIOMED SCI-APPLIED SCIENCE (end 2006),,BIMS,,APS,,BS,,2.0,,26010200
V M,,College Interdisciplinary,CLVM,,,BIOMED SCI-VETERINARY MED BIOTCHN (end 2006),,BIMS,,VMB,,BS,,2.0,,26010200
AGLS,,Biochemistry & Biophysics,BCBP,,BIOCHEMISTRY,,,BICH,,,,BS,,2.0,,26020200
AGLS,,Biochemistry & Biophysics,BCBP,,BIOCHEMISTRY,,,BICH,,,,MS,,3.0,,26020200
AGLS,,Biochemistry & Biophysics,BCBP,,BIOCHEMISTRY,,,BICH,,,,PHD,,4.0,,26020200
AGLS,,Biochemistry & Biophysics,BCBP,,BIPHYSICS,,,BIPH,,,,MS,,3.0,,26020300
SC,,Biology,BIOL,,BOTANY,,,BOTN,,,,BS,,2.0,,26030100
SC,,Biology,BIOL,,BOTANY,,,BOTN,,,,MS,,3.0,,26030100
SC,,Biology,BIOL,,BOTANY,,,BOTN,,,,PHD,,4.0,,26030100
AGLS,,Plant Pathology & Micro,PLPM,,PLANT PATHOLOGY,,,PLPA,,,,MS,,3.0,,26030500
AGLS,,Plant Pathology & Micro,PLPM,,PLANT PATHOLOGY,,,PLPA,,,,PHD,,4.0,,26030500
INTD,,University Interdisciplinary,INTD,,PLANT PHYSIOLOGY (end 2005),,,PPHY,,,,MS,,3.0,,26030700
INTD,,University Interdisciplinary,INTD,,MOLECULAR & ENVIRONMENTAL PLANT SCIENCE,,,MEPS,,,,MS,,3.0,,26030700
INTD,,University Interdisciplinary,INTD,,MOLECULAR & ENVIRONMENTAL PLANT SCIENCE,,,MEPS,,,,PHD,,4.0,,26030700
INTD,,University Interdisciplinary,INTD,,PLANT PHYSIOLOGY (end 2005),,,PPHY,,,,PHD,,4.0,,26030700
SC,,Biology,BIOL,,MOLECULAR & CELL BIOLOGY,,,BMCB,,,,BS,,2.0,,26040600
SC,,Biology,BIOL,,MICROBIOLOGY,,,MBIO,,,,BS,,2.0,,26050200
SC,,Biology,BIOL,,MICROBIOLOGY,,,MBIO,,,,MS,,3.0,,26050200
SC,,Biology,BIOL,,MICROBIOLOGY,,,MBIO,,,,PHD,,4.0,,26050200
AGLS,,Wildlife & Fisheries Sci,WFSC,,,WL & FS SCI-VERTEBRATE ZOOLOGY,,WFSC,,VZY,,BS,,2.0,,26070100
SC,,Biology,BIOL,,ZOOLOGY,,,ZOOL,,,,BS,,2.0,,26070100
SC,,Biology,BIOL,,ZOOLOGY,,,ZOOL,,,,MS,,3.0,,26070100
SC,,Biology,BIOL,,ZOOLOGY,,,ZOOL,,,,PHD,,4.0,,26070100
AGLS,,Entomology,ENTO,,ENTOMOLOGY,,,ENTO,,,,BS,,2.0,,26070200
AGLS,,Entomology,ENTO,,,ENTO-ENTOMOLOGY SCIENCE (end 2003),,ENTO,,ESO,,BS,,2.0,,26070200
AGLS,,Entomology,ENTO,,ENTOMOLOGY,,,ENTO,,,,MS,,3.0,,26070200
AGLS,,Entomology,ENTO,,ENTOMOLOGY,,,ENTO,,,,PHD,,4.0,,26070200
INTD,,University Interdisciplinary,INTD,,GENETICS,,,GENE,,,,MS,,3.0,,26080200
INTD,,University Interdisciplinary,INTD,,GENETICS,,,GENE,,,,PHD,,4.0,,26080200
AGLS,,Biochemistry & Biophysics,BCBP,,GENETICS,,,GENE,,,,BS,,2.0,,26080200
INTD,,University Interdisciplinary,INTD,,TOXICOLOGY,,,TOXI,,,,MS,,3.0,,26100400
INTD,,University Interdisciplinary,INTD,,TOXICOLOGY,,,TOXI,,,,PHD,,4.0,,26100400
INTD,,University Interdisciplinary,COFD #1,,BIOTECHNOLOGY,,,BIOT,,,,MBIOT,,3.0,,26120100
AGLS,,Wildlife & Fisheries Sci,WFSC,,,WL & FS SCI-CONSERVATION BIOL & BIODIVERSITY,,WFSC,,CBB,,BS,,2.0,,26130100
SC,,Mathematics,MATH,,MATHEMATICS,,,MATH,,,,BA,,2.0,,27010100
SC,,Mathematics,MATH,,MATHEMATICS,,,MATH,,,,BS,,2.0,,27010100
SC,,Mathematics,MATH,,MATHEMATICS,,,MATH,,,,MS,,3.0,,27010100
SC,,Mathematics,MATH,,MATHEMATICS,,,MATH,,,,PHD,,4.0,,27010100
SC,,Mathematics,MATH,,APPLIED MATHEMATICAL SCIENCES,,,APMS,,,,BS,,2.0,,27030100
SC,,Statistics,STAT,,STATISTICS,,,STAT,,,,MS,,3.0,,27050100
SC,,Statistics,STAT,,STATISTICS,,,STAT,,,,PHD,,4.0,,27050100
AGLS,,Wildlife & Fisheries Sci,WFSC,,,WL & FS SCI-NAT RES COLLECTIONS & MUSEUMS,,WFSC,,NMO,,BS,,2.0,,30140100
INTD,,University Interdisciplinary,INTD,,NUTRITION,,,NUTR,,,,MS,,3.0,,30190100
INTD,,University Interdisciplinary,INTD,,NUTRITION,,,NUTR,,,,PHD,,4.0,,30190100
L A,,College Interdisciplinary,CLLA,,INTERNATIONAL STUDIES,,,INTS,,,,BA,,2.0,,30200100
EDUC,,College Interdisciplinary,CLED,,INTERDISCIPLINARY STUDIES,,,ISNC,,,,[BSIS],,2.0,,30999901
EDUC,,College Interdisciplinary,CLED,,,HUMAN RESOURCES MANAGEMENT,,ISNC,,HRM,,BSIS,,2.0,,30999901
EDUC,,College Interdisciplinary,CLED,,,TECHNOLOGY MANAGEMENT,,ISNC,,TCM,,BSIS,,2.0,,30999901
EDUC,,Teaching Learning & Culture,TLAC,,INTERDISCIPLINARY STUDIES,,,INST,,,,BS,,2.0,,30999901
ARCH,,Architecture,ARCH,,VISUALIZATION SCIENCES,,,VIZA,,,,MS,,3.0,,30999909
AGLS,,"Rec, Park, & Tourism Sci",RPTS,,"REC, PARK & TOURISM SCIENCES",,,RPTS,,,,[BS],,2.0,,31010100
AGLS,,"Rec, Park, & Tourism Sci",RPTS,,,R P& T SCI-PRK & NTRL RSCS MGMT,,RPTS,,PNR,,BS,,2.0,,31010100
AGLS,,"Rec, Park, & Tourism Sci",RPTS,,RECREATION & RESOURCES DEVELOPMENT,,,RRDV,,,,MAGR,,3.0,,31010100
AGLS,,"Rec, Park, & Tourism Sci",RPTS,,"RECREATION, PARK & TOURISM SCI",,,RPTS,,,,MS,,3.0,,31010100
AGLS,,"Rec, Park, & Tourism Sci",RPTS,,"RECREATION, PARK & TOURISM SCI",,,RPTS,,,,PHD,,4.0,,31010100
AGLS,,"Rec, Park, & Tourism Sci",RPTS,,,R P& T SCI-RCRTN & PRKS ADMIN,,RPTS,,RPA,,BS,,2.0,,31030100
EDUC,,Health & Kinesiology,HLKN,,KINESIOLOGY,,,KINE,,,,BS,,2.0,,31050110
EDUC,,Health & Kinesiology,HLKN,,KINESIOLOGY,,,KINE,,,,MS,,3.0,,31050110
EDUC,,Health & Kinesiology,HLKN,,KINESIOLOGY,,,KINE,,,,PHD,,4.0,,31050500
L A,,Philosophy & Humanities,PHUM,,PHILOSOPHY,,,PHIL,,,,BA,,2.0,,38010100
L A,,Philosophy & Humanities,PHUM,,PHILOSOPHY,,,PHIL,,,,MA,,3.0,,38010100
L A,,Philosophy & Humanities,PHUM,,PHILOSOPHY,,,PHIL,,,,PHD,,4.0,,38010100
GEOS,,College Interdisciplinary,CLGE,,GEOSCIENCES,,,GEOS,,,,MGSC,,3.0,,40010100
GEOS,,Atmospheric Sciences,ATMO,,METEOROLOGY,,,METR,,,,BS,,2.0,,40040100
GEOS,,Atmospheric Sciences,ATMO,,ATMOSPHERIC SCIENCE,,,ATMO,,,,MS,,3.0,,40040100
GEOS,,Atmospheric Sciences,ATMO,,ATMOSPHERIC SCIENCE,,,ATMO,,,,PHD,,4.0,,40040100
SC,,Chemistry,CHEM,,CHEMISTRY,,,CHEM,,,,BA,,2.0,,40050100
SC,,Chemistry,CHEM,,CHEMISTRY,,,CHEM,,,,BS,,2.0,,40050100
SC,,Chemistry,CHEM,,CHEMISTRY,,,CHEM,,,,MS,,3.0,,40050100
SC,,Chemistry,CHEM,,CHEMISTRY,,,CHEM,,,,PHD,,4.0,,40050100
GEOS,,Geology & Geophysics,GEPL,,GEOLOGY,,,GEOL,,,,BA,,2.0,,40060100
GEOS,,Geology & Geophysics,GEPL,,GEOLOGY,,,GEOL,,,,BS,,2.0,,40060100
GEOS,,Geology & Geophysics,GEPL,,EARTH SCIENCE,,,ESCI,,,,BS,,2.0,,40060100
GEOS,,Geology & Geophysics,GEPL,,GEOLOGY,,,GEOL,,,,MS,,3.0,,40060100
GEOS,,Geology & Geophysics,GEPL,,GEOLOGY,,,GEOL,,,,PHD,,4.0,,40060100
GEOS,,Geology & Geophysics,GEPL,,GEOPHYSICS,,,GEOP,,,,BS,,2.0,,40060300
GEOS,,Geology & Geophysics,GEPL,,GEOPHYSICS,,,GEOP,,,,MS,,3.0,,40060300
GEOS,,Geology & Geophysics,GEPL,,GEOPHYSICS,,,GEOP,,,,PHD,,4.0,,40060300
GEOS,,Oceanography,OCNG,,OCEANOGRAPHY,,,OCNG,,,,MS,,3.0,,40060700
GEOS,,Oceanography,OCNG,,OCEANOGRAPHY,,,OCNG,,,,PHD,,4.0,,40060700
GEOS,,Geology & Geophysics,GEPL,,,GEOL-ENGINEERING GEOLOGY,,GEOL,,EGO,,BS,,2.0,,40069901
SC,,Physics,PHYS,,PHYSICS,,,PHYS,,,,BA,,2.0,,40080100
SC,,Physics,PHYS,,PHYSICS,,,PHYS,,,,BS,,2.0,,40080100
SC,,Physics,PHYS,,PHYSICS,,,PHYS,,,,MS,,3.0,,40080100
SC,,Physics,PHYS,,PHYSICS,,,PHYS,,,,PHD,,4.0,,40080100
SC,,Physics,PHYS,,APPLIED PHYSICS,,,APHY,,,,PHD,,4.0,,40089901
ENGR,,Nuclear Engineering,NUEN,,HEALTH PHYSICS,,,HLPH,,,,MS,,3.0,,41020500
L A,,Psychology,PSYC,,PSYCHOLOGY,,,PSYC,,,,BA,,2.0,,42010100
L A,,Psychology,PSYC,,PSYCHOLOGY,,,PSYC,,,,BS,,2.0,,42010100
L A,,Psychology,PSYC,,PSYCHOLOGY,,,PSYC,,,,MS,,3.0,,42010100
L A,,Psychology,PSYC,,PSYCHOLOGY,,,PSYC,,,,PHD,,4.0,,42010100
L A,,Psychology,PSYC,,,PSYC-COMMUNITY CLINICAL,,PSYC,,CCO,,PHD,,4.0,,42020100
EDUC,,Educational Psychology,EPSY,,COUNSELING PSYCHOLOGY,,,CPSY,,,,PHD,,4.0,,42060100
L A,,Psychology,PSYC,,,PSYC-INDUSTRIAL/ORGANIZATIONAL,,PSYC,,IOO,,PHD,,4.0,,42090100
EDUC,,Educational Psychology,EPSY,,SCHOOL PSYCHOLOGY,,,SPSY,,,,PHD,,4.0,,42170100
EDUC,,Educational Psychology,EPSY,,EDUCATIONAL PSYCHOLOGY,,,EPSY,,,,MED,,3.0,,42180100
EDUC,,Educational Psychology,EPSY,,EDUCATIONAL PHSYCHOLOGY,,,EPSY,,,,MS,,3.0,,42180100
EDUC,,Educational Psychology,EPSY,,EDUCATIONAL PSYCHOLOGY,,,EPSY,,,,PHD,,4.0,,42180100
GB,,Geo Bush School of Govt,BUSH,,PUBLIC SERVICE AND ADMINISTRATION,,,BUSH,,,,MPSA,,3.0,,44040100
L A,,Anthropology,ANTH,,ANTHROPOLOGY,,,ANTH,,,,BA,,2.0,,45020100
L A,,Anthropology,ANTH,,ANTHROPOLOGY,,,ANTH,,,,MA,,3.0,,45020100
L A,,Anthropology,ANTH,,ANTHROPOLOGY,,,ANTH,,,,PHD,,4.0,,45020100
L A,,Economics,ECON,,ECONOMICS,,,ECON,,,,BA,,2.0,,45060100
L A,,Economics,ECON,,ECONOMICS,,,ECON,,,,BS,,2.0,,45060100
L A,,Economics,ECON,,ECONOMICS,,,ECON,,,,MS,,3.0,,45060100
L A,,Economics,ECON,,ECONOMICS,,,ECON,,,,PHD,,4.0,,45060100
GEOS,,Geography,GEOG,,GEOGRAPHY,,,GEOG,,,,BS,,2.0,,45070100
GEOS,,Geography,GEOG,,GEOGRAPHY,,,GEOG,,,,MS,,3.0,,45070100
GEOS,,Geography,GEOG,,GEOGRAPHY,,,GEOG,,,,PHD,,4.0,,45070100
GEOS,,Geography,GEOG,,,GEOGRAPHIC INFORMATIONAL SCIENCE,,GEOG,,GIS,,BS,,2.0,,45070200
GB,,Geo Bush School of Govt,BUSH,,INTERNATIONAL AFFAIRS,,,INTA,,,,MIA,,3.0,,45090100
L A,,Political Science,POLS,,POLITICAL SCIENCE,,,POLS,,,,BA,,2.0,,45100100
L A,,Political Science,POLS,,POLITICAL SCIENCE,,,POLS,,,,BS,,2.0,,45100100
L A,,Political Science,POLS,,POLITICAL SCIENCE,,,POLS,,,,MA,,3.0,,45100100
L A,,Political Science,POLS,,POLITICAL SCIENCE,,,POLS,,,,PHD,,4.0,,45100100
L A,,Sociology,SOCI,,SOCIOLOGY,,,SOCI,,,,BA,,2.0,,45110100
L A,,Sociology,SOCI,,SOCIOLOGY,,,SOCI,,,,BS,,2.0,,45110100
L A,,Sociology,SOCI,,SOCIOLOGY,,,SOCI,,,,MS,,3.0,,45110100
L A,,Sociology,SOCI,,SOCIOLOGY,,,SOCI,,,,PHD,,4.0,,45110100
AGLS,,Agricultrual Economics,AGEC,,RURAL SOCIOLOGY,,,RSOC,,,,MAGR,,3.0,,45110101
L A,,Performance Studies,PRFM,,THEATER ARTS,,,THAR,,,,BA,,2.0,,50050100
L A,,Performance Studies,PRFM,,MUSIC,,,MUSC,,,,BA,,2.0,,50090100
EDUC,,Health & Kinesiology,HLKN,,HEALTH,,,HLTH,,,,[BS],,2.0,,51000001
V M,,College Interdisciplinary,CLVM,,VETERINARY SCIENCE,,,VTSC,,,,BS,,2.0,,51110400
EDUC,,Health & Kinesiology,HLKN,,,COMMUNITY HEALTH OPTION,,HLTH,,CHO,,BS,,2.0,,51150400
V M,,College Interdisciplinary,CLVM,,VETERINARY MEDICINE,,,VTMD,,,,DVM,,5.0,,51240100
V M,,College Interdisciplinary,CLVM,,VETERINARY MEDICIAL SCIENCE,,,VMSC,,,,MS,,3.0,,51250100
V M,,Veterinary Pathobiology,VTPB,,VETERINARY MICROBIOLOGY,,,VTMI,,,,MS,,3.0,,51250100
V M,,Veterinary Pathobiology,VTPB,,VETERINARY MICROBIOLOGY,,,VTMI,,,,PHD,,4.0,,51250100
V M,,Vet Anatomy & Public Health,VAPH,,VETERINARY ANATOMY,,,VTAN,,,,MS,,3.0,,51250200
V M,,Vet Anatomy & Public Health,VAPH,,VETERINARY ANATOMY,,,VTAN,,,,PHD,,4.0,,51250200
V M,,Vet Physiology/Pharmacology,VTPP,,VETERINARY PHYSIOLOGY,,,VPHY,,,,MS,,3.0,,51250300
V M,,Vet Physiology/Pharmacology,VTPP,,VETERINARY PHYSIOLOGY,,,VPHY,,,,PHD,,4.0,,51250300
V M,,Veterinary Pathobiology,VTPB,,VETERINARY PATHOLOGY,,,VPAT,,,,MS,,3.0,,51250500
V M,,Veterinary Pathobiology,VTPB,,VETERINARY PATHOLOGY,,,VPAT,,,,PHD,,4.0,,51250500
V M,,Vet Large Animal Med & Surg,VLAM,,VETERINARY MEDICINE & SURGERY,,,VTMS,,,,MS,,3.0,,51250700
V M,,Vet Small Animal Med & Surg,VSAM,,VETERINARY MEDICINE & SURGERY,,,VTMS,,,,MS,,3.0,,51250800
V M,,College Interdisciplinary,CLVM,,LABORATORY ANIMAL MEDICINE,,,LAMD,,,,MS,,3.0,,51250900
V M,,Vet Anatomy & Public Health,VAPH,,VETERINARY PUBLIC HEALTH,,,VTPH,,,,MS,,3.0,,51251000
V M,,Vet Anatomy & Public Health,VAPH,,EPIDEMIOLOGY,,,EPID,,,,MS,,3.0,,51251000
V M,,Veterinary Pathobiology,VTPB,,VETERINARY PARASITOLOGY,,,VPAR,,,,MS,,3.0,,51251100
B A,,College Interdisciplinary,CLBA,,BUSINESS ADMINISTRATION,,,BUAD,,,,MBA,,3.0,,52020100
B A,,Management,MGMT,,MANAGEMENT,,,MGMT,,,,BBA,,2.0,,52020100
B A,,Management,MGMT,,MANAGEMENT,,,MGMT,,,,MS,,3.0,,52020100
B A,,Management,MGMT,,,BUSINESS ADMIN-MANAGEMENT,,MGMT,,MAN,,PHD,,4.0,,52020100
ENGR,,Engr Tech & Industrial Distr,ETID,,INDUSTRIAL DISTRIBUTION (via  Distance Education),,,IDIS,,,,MID,,3.0,,52020300
ARCH,,Construction Science,COSC,,CONSTRUCTION MANAGEMENT,,,COMG,,,,MS,,3.0,,52020500
B A,,Accounting,ACCT,,ACCOUNTING,,,ACCT,,,,BBA,,2.0,,52030100
B A,,Accounting,ACCT,,ACCOUNTING,,,ACCT,,,,MS,,3.0,,52030100
B A,,Accounting,ACCT,,,BUSINESS ADMIN-ACCOUNTING,,ACCT,,ACC,,PHD,,4.0,,52030100
B A,,Finance,FINC,,FINANCE,,,FINC,,,,BBA,,2.0,,52080100
B A,,Finance,FINC,,FINANCE,,,FINC,,,,MS,,3.0,,52080100
B A,,Finance,FINC,,,BUSINESS ADMIN-FINANCE,,FINC,,FIN,,PHD,,4.0,,52080100
AGLS,,"Rec, Park, & Tourism Sci",RPTS,,,R P& T SCI-TOURISM RSCS MGMT,,RPTS,,TRM,,BS,,2.0,,52090300
B A,,Information & Op Management,INFO,,MANAGEMENT INFORMATION SYSTEMS,,,MISY,,,,MS,,3.0,,52120100
B A,,Information & Op Management,INFO,,INFORMATION & OPERATIONS MANAGEMENT,,,INFO,,,,BBA,,2.0,,52130100
B A,,Information & Op Management,INFO,,,BUSINESS ADMIN-INFO & OP MANAGEMENT,,INFO,,BAN,,PHD,,4.0,,52130100
B A,,Marketing,MKTG,,MARKETING,,,MKTG,,,,BBA,,2.0,,52140100
B A,,Marketing,MKTG,,MARKETING,,,MKTG,,,,MS,,3.0,,52140100
B A,,Marketing,MKTG,,,BUSINESS ADMIN-MARKETING,,MKTG,,MKT,,PHD,,4.0,,52140100
ARCH,,Landscape Arch & Urban Pl,LAUP,,LAND DEVELOPMENT,,,LDEV,,,,MS,,3.0,,52150100
B A,,Finance,FINC,,LAND ECONOMICS & REAL ESTATE,,,MLER,,,,MLERE,,3.0,,52150100
B A,,Accounting,ACCT,,,ACCT-TAXATION,,ACCT,,TAX,,MS,,3.0,,52160100
ENGR,,Engr Tech & Industrial Distr,ETID,,INDUSTRIAL DISTRIBUTION,,,IDIS,,,,BS,,2.0,,52180100
L A,,History,HIST,,HISTORY,,,HIST,,,,BA,,2.0,,54010100
L A,,History,HIST,,HISTORY,,,HIST,,,,MA,,3.0,,54010100
L A,,History,HIST,,HISTORY,,,HIST,,,,PHD,,4.0,,54010100
